FIPS,COUNTY,ZIP_CODE,PO_NAME,Percent of ZIP code in this county,Percent of county in this ZIP code
18001,Adams County,46711,Berne, 99.98 , 17.71 
18001,Adams County,46714,Bluffton, 6.28 , 2.44 
18001,Adams County,46733,Decatur, 98.16 , 49.89 
18001,Adams County,46740,Geneva, 96.97 , 17.66 
18001,Adams County,46772,Monroe, 100.00 , 10.41 
18001,Adams County,46773,Monroeville, 6.92 , 1.58 
18001,Adams County,46777,Ossian, 1.64 , 0.30 
18001,Adams County,47326,Bryant, 0.05 , 0.01 
18003,Allen County,46704,Arcola, 100.00 , 0.13 
18003,Allen County,46706,Auburn, 3.55 , 0.46 
18003,Allen County,46723,Churubusco, 36.55 , 3.25 
18003,Allen County,46733,Decatur, 1.83 , 0.48 
18003,Allen County,46741,Grabill, 100.00 , 4.10 
18003,Allen County,46743,Harlan, 99.98 , 3.66 
18003,Allen County,46745,Hoagland, 99.99 , 2.73 
18003,Allen County,46748,Huntertown, 90.61 , 2.58 
18003,Allen County,46765,Leo, 100.00 , 1.98 
18003,Allen County,46773,Monroeville, 93.06 , 10.92 
18003,Allen County,46774,New Haven, 100.00 , 8.68 
18003,Allen County,46777,Ossian, 5.67 , 0.53 
18003,Allen County,46783,Roanoke, 33.11 , 2.85 
18003,Allen County,46788,Spencerville, 43.36 , 2.44 
18003,Allen County,46797,Woodburn, 99.99 , 7.54 
18003,Allen County,46798,Yoder, 97.93 , 2.99 
18003,Allen County,46799,Zanesville, 4.85 , 0.00 
18003,Allen County,46802,Fort Wayne, 100.00 , 0.63 
18003,Allen County,46803,Fort Wayne, 100.00 , 1.13 
18003,Allen County,46804,Fort Wayne, 100.00 , 3.12 
18003,Allen County,46805,Fort Wayne, 100.00 , 0.99 
18003,Allen County,46806,Fort Wayne, 100.00 , 1.38 
18003,Allen County,46807,Fort Wayne, 100.00 , 0.47 
18003,Allen County,46808,Fort Wayne, 100.00 , 1.54 
18003,Allen County,46809,Fort Wayne, 100.00 , 3.57 
18003,Allen County,46814,Fort Wayne, 100.00 , 2.38 
18003,Allen County,46815,Fort Wayne, 100.00 , 1.48 
18003,Allen County,46816,Fort Wayne, 100.00 , 5.50 
18003,Allen County,46818,Fort Wayne, 98.47 , 9.76 
18003,Allen County,46819,Fort Wayne, 100.00 , 3.86 
18003,Allen County,46825,Fort Wayne, 100.00 , 2.36 
18003,Allen County,46835,Fort Wayne, 100.00 , 2.99 
18003,Allen County,46845,Fort Wayne, 100.00 , 3.54 
18005,Bartholomew County,46124,Edinburgh, 28.16 , 4.56 
18005,Bartholomew County,46164,Nineveh, 0.04 , 0.00 
18005,Bartholomew County,47201,Columbus, 89.25 , 48.65 
18005,Bartholomew County,47203,Columbus, 100.00 , 19.65 
18005,Bartholomew County,47226,Clifford, 100.00 , 0.03 
18005,Bartholomew County,47232,Elizabethtown, 74.95 , 5.55 
18005,Bartholomew County,47234,Flat Rock, 1.71 , 0.14 
18005,Bartholomew County,47236,Grammer, 100.00 , 0.10 
18005,Bartholomew County,47240,Greensburg, 0.01 , 0.00 
18005,Bartholomew County,47244,Hartsville, 79.89 , 3.45 
18005,Bartholomew County,47246,Hope, 95.85 , 13.70 
18005,Bartholomew County,47247,Jonesville, 100.00 , 0.04 
18005,Bartholomew County,47274,Seymour, 5.30 , 2.80 
18005,Bartholomew County,47280,Taylorsville, 100.00 , 0.16 
18005,Bartholomew County,47283,Westport, 3.37 , 0.55 
18005,Bartholomew County,47448,Nashville, 1.25 , 0.60 
18007,Benton County,47917,Ambia, 42.13 , 4.39 
18007,Benton County,47921,Boswell, 51.82 , 4.63 
18007,Benton County,47942,Earl Park, 97.01 , 14.45 
18007,Benton County,47944,Fowler, 98.92 , 46.61 
18007,Benton County,47948,Goodland, 14.98 , 2.18 
18007,Benton County,47970,Otterbein, 45.46 , 7.58 
18007,Benton County,47971,Oxford, 99.99 , 10.96 
18007,Benton County,47975,Pine Village, 3.83 , 0.37 
18007,Benton County,47977,Remington, 39.79 , 8.33 
18007,Benton County,47986,Templeton, 100.00 , 0.49 
18007,Benton County,47995,Wolcott, 0.01 , 0.00 
18009,Blackford County,46952,Marion, 1.68 , 1.14 
18009,Blackford County,46989,Upland, 2.02 , 0.43 
18009,Blackford County,47336,Dunkirk, 18.99 , 5.29 
18009,Blackford County,47338,Eaton, 2.72 , 0.46 
18009,Blackford County,47348,Hartford City, 97.23 , 71.79 
18009,Blackford County,47359,Montpelier, 58.59 , 20.20 
18009,Blackford County,47369,Pennville, 3.53 , 0.70 
18011,Boone County,46035,Colfax, 23.62 , 1.36 
18011,Boone County,46050,Kirklin, 19.19 , 2.17 
18011,Boone County,46052,Lebanon, 100.00 , 42.61 
18011,Boone County,46069,Sheridan, 36.55 , 7.58 
18011,Boone County,46071,Thorntown, 99.98 , 16.22 
18011,Boone County,46075,Whitestown, 100.00 , 7.20 
18011,Boone County,46077,Zionsville, 91.75 , 9.42 
18011,Boone County,46102,Advance, 100.00 , 0.03 
18011,Boone County,46112,Brownsburg, 2.75 , 0.27 
18011,Boone County,46147,Jamestown, 93.42 , 11.85 
18011,Boone County,46149,Lizton, 0.33 , 0.02 
18011,Boone County,46167,Pittsboro, 1.71 , 0.12 
18011,Boone County,46268,Indianapolis, 4.04 , 0.12 
18011,Boone County,46278,Indianapolis, 0.20 , 0.01 
18011,Boone County,47933,Crawfordsville, 0.88 , 0.48 
18011,Boone County,47968,New Ross, 8.61 , 0.53 
18013,Brown County,46160,Morgantown, 51.06 , 14.64 
18013,Brown County,46164,Nineveh, 66.33 , 8.26 
18013,Brown County,46181,Trafalgar, 11.61 , 1.51 
18013,Brown County,47201,Columbus, 10.74 , 7.57 
18013,Brown County,47235,Freetown, 24.87 , 3.27 
18013,Brown County,47274,Seymour, 2.26 , 1.55 
18013,Brown County,47401,Bloomington, 3.15 , 0.88 
18013,Brown County,47408,Bloomington, 0.06 , 0.01 
18013,Brown County,47448,Nashville, 97.62 , 60.82 
18013,Brown County,47468,Unionville, 18.33 , 1.49 
18015,Carroll County,46041,Frankfort, 3.19 , 2.14 
18015,Carroll County,46065,Rossville, 35.32 , 3.54 
18015,Carroll County,46913,Bringhurst, 100.00 , 8.19 
18015,Carroll County,46915,Burlington, 100.00 , 0.14 
18015,Carroll County,46917,Camden, 99.99 , 15.32 
18015,Carroll County,46920,Cutler, 99.99 , 8.53 
18015,Carroll County,46923,Delphi, 98.65 , 36.54 
18015,Carroll County,46929,Flora, 86.77 , 10.30 
18015,Carroll County,46947,Logansport, 7.16 , 3.66 
18015,Carroll County,46977,Rockfield, 100.00 , 0.00 
18015,Carroll County,46979,Russiaville, 1.67 , 0.20 
18015,Carroll County,47920,Battle Ground, 4.88 , 0.39 
18015,Carroll County,47923,Brookston, 2.11 , 0.52 
18015,Carroll County,47926,Burnettsville, 36.32 , 3.19 
18015,Carroll County,47950,Idaville, 21.14 , 2.16 
18015,Carroll County,47960,Monticello, 15.14 , 5.15 
18015,Carroll County,47997,Yeoman, 100.00 , 0.03 
18017,Cass County,46926,Denver, 3.02 , 0.29 
18017,Cass County,46932,Galveston, 97.45 , 11.60 
18017,Cass County,46947,Logansport, 92.83 , 42.88 
18017,Cass County,46950,Lucerne, 96.17 , 6.79 
18017,Cass County,46951,Macy, 0.04 , 0.01 
18017,Cass County,46961,New Waverly, 100.00 , 0.00 
18017,Cass County,46967,Onward, 100.00 , 0.02 
18017,Cass County,46970,Peru, 6.26 , 2.72 
18017,Cass County,46978,Royal Center, 86.92 , 14.74 
18017,Cass County,46988,Twelve Mile, 100.00 , 6.57 
18017,Cass County,46994,Walton, 100.00 , 14.35 
18017,Cass County,46998,Young America, 100.00 , 0.03 
18019,Clark County,47104,Bethlehem, 99.96 , 1.53 
18019,Clark County,47106,Borden, 90.14 , 16.59 
18019,Clark County,47111,Charlestown, 99.98 , 22.19 
18019,Clark County,47119,Floyds Knobs, 9.42 , 1.00 
18019,Clark County,47126,Henryville, 94.91 , 9.93 
18019,Clark County,47129,Clarksville, 99.86 , 2.56 
18019,Clark County,47130,Jeffersonville, 100.00 , 8.56 
18019,Clark County,47141,Marysville, 99.99 , 9.05 
18019,Clark County,47143,Memphis, 100.00 , 5.73 
18019,Clark County,47147,Nabb, 65.44 , 4.82 
18019,Clark County,47150,New Albany, 0.37 , 0.04 
18019,Clark County,47162,New Washington, 99.84 , 3.94 
18019,Clark County,47163,Otisco, 100.00 , 4.23 
18019,Clark County,47165,Pekin, 3.49 , 0.76 
18019,Clark County,47172,Sellersburg, 89.99 , 6.76 
18019,Clark County,47177,Underwood, 41.18 , 2.31 
18021,Clay County,47427,Coal City, 6.85 , 0.90 
18021,Clay County,47438,Jasonville, 38.57 , 6.79 
18021,Clay County,47471,Worthington, 0.02 , 0.00 
18021,Clay County,47833,Bowling Green, 54.50 , 6.28 
18021,Clay County,47834,Brazil, 79.43 , 33.91 
18021,Clay County,47837,Carbon, 22.16 , 2.12 
18021,Clay County,47840,Centerpoint, 95.70 , 13.99 
18021,Clay County,47841,Clay City, 99.20 , 17.55 
18021,Clay County,47845,Coalmont, 100.00 , 0.05 
18021,Clay County,47846,Cory, 99.93 , 9.88 
18021,Clay County,47853,Harmony, 100.00 , 0.01 
18021,Clay County,47857,Knightsville, 100.00 , 0.14 
18021,Clay County,47858,Lewis, 60.36 , 5.44 
18021,Clay County,47868,Poland, 12.20 , 1.96 
18021,Clay County,47874,Rosedale, 4.78 , 0.96 
18021,Clay County,47881,Staunton, 100.00 , 0.01 
18023,Clinton County,46035,Colfax, 48.87 , 2.94 
18023,Clinton County,46039,Forest, 99.99 , 6.15 
18023,Clinton County,46041,Frankfort, 96.81 , 60.07 
18023,Clinton County,46049,Kempton, 4.03 , 0.25 
18023,Clinton County,46050,Kirklin, 76.32 , 9.00 
18023,Clinton County,46057,Michigantown, 100.00 , 6.16 
18023,Clinton County,46058,Mulberry, 98.68 , 6.85 
18023,Clinton County,46065,Rossville, 64.68 , 6.00 
18023,Clinton County,46069,Sheridan, 5.94 , 1.29 
18023,Clinton County,46979,Russiaville, 9.23 , 1.04 
18023,Clinton County,47905,Lafayette, 0.01 , 0.00 
18023,Clinton County,47930,Clarks Hill, 3.56 , 0.26 
18025,Crawford County,47112,Corydon, 0.02 , 0.01 
18025,Crawford County,47115,Depauw, 0.08 , 0.01 
18025,Crawford County,47116,Eckerty, 100.00 , 10.09 
18025,Crawford County,47118,English, 75.00 , 36.24 
18025,Crawford County,47123,Grantsburg, 100.00 , 1.30 
18025,Crawford County,47137,Leavenworth, 92.97 , 20.11 
18025,Crawford County,47140,Marengo, 54.64 , 6.94 
18025,Crawford County,47145,Milltown, 93.06 , 12.66 
18025,Crawford County,47174,Sulphur, 99.99 , 1.01 
18025,Crawford County,47175,Taswell, 95.17 , 7.09 
18025,Crawford County,47513,Birdseye, 21.35 , 4.53 
18027,Daviess County,47449,Newberry, 1.37 , 0.08 
18027,Daviess County,47501,Washington, 99.97 , 31.70 
18027,Daviess County,47519,Cannelburg, 99.99 , 5.56 
18027,Daviess County,47529,Elnora, 99.92 , 7.16 
18027,Daviess County,47553,Loogootee, 41.43 , 12.58 
18027,Daviess County,47558,Montgomery, 100.00 , 20.73 
18027,Daviess County,47562,Odon, 99.31 , 14.26 
18027,Daviess County,47567,Petersburg, 0.01 , 0.00 
18027,Daviess County,47568,Plainville, 99.97 , 7.90 
18027,Daviess County,47578,Sandborn, 0.11 , 0.01 
18027,Daviess County,47597,Wheatland, 0.03 , 0.00 
18029,Dearborn County,47001,Aurora, 80.49 , 19.50 
18029,Dearborn County,47012,Brookville, 4.99 , 2.79 
18029,Dearborn County,47018,Dillsboro, 45.96 , 11.18 
18029,Dearborn County,47022,Guilford, 100.00 , 12.26 
18029,Dearborn County,47025,Lawrenceburg, 99.99 , 17.52 
18029,Dearborn County,47031,Milan, 10.59 , 1.92 
18029,Dearborn County,47032,Moores Hill, 95.79 , 11.69 
18029,Dearborn County,47041,Sunman, 49.98 , 12.41 
18029,Dearborn County,47060,West Harrison, 60.90 , 10.73 
18031,Decatur County,46156,Milroy, 0.03 , 0.00 
18031,Decatur County,46173,Rushville, 0.97 , 0.55 
18031,Decatur County,47006,Batesville, 0.01 , 0.00 
18031,Decatur County,47240,Greensburg, 95.98 , 77.93 
18031,Decatur County,47244,Hartsville, 20.11 , 0.95 
18031,Decatur County,47246,Hope, 4.15 , 0.65 
18031,Decatur County,47272,Saint Paul, 61.04 , 4.92 
18031,Decatur County,47283,Westport, 83.29 , 14.99 
18033,DeKalb County,46705,Ashley, 63.74 , 4.02 
18033,DeKalb County,46706,Auburn, 96.45 , 22.57 
18033,DeKalb County,46710,Avilla, 11.76 , 1.32 
18033,DeKalb County,46721,Butler, 99.98 , 22.30 
18033,DeKalb County,46730,Corunna, 99.99 , 8.61 
18033,DeKalb County,46738,Garrett, 100.00 , 7.01 
18033,DeKalb County,46742,Hamilton, 25.06 , 3.61 
18033,DeKalb County,46747,Hudson, 6.49 , 0.59 
18033,DeKalb County,46748,Huntertown, 6.71 , 0.35 
18033,DeKalb County,46755,Kendallville, 0.70 , 0.15 
18033,DeKalb County,46763,Laotto, 26.65 , 1.90 
18033,DeKalb County,46785,Saint Joe, 99.99 , 6.46 
18033,DeKalb County,46788,Spencerville, 56.63 , 5.78 
18033,DeKalb County,46793,Waterloo, 100.00 , 15.34 
18035,Delaware County,46001,Alexandria, 2.15 , 0.42 
18035,Delaware County,46012,Anderson, 9.27 , 0.77 
18035,Delaware County,46070,Summitville, 3.26 , 0.38 
18035,Delaware County,47302,Muncie, 97.81 , 16.48 
18035,Delaware County,47303,Muncie, 100.00 , 15.27 
18035,Delaware County,47304,Muncie, 100.00 , 8.83 
18035,Delaware County,47305,Muncie, 100.00 , 0.36 
18035,Delaware County,47306,Muncie, 100.00 , 0.09 
18035,Delaware County,47320,Albany, 94.38 , 8.01 
18035,Delaware County,47334,Daleville, 97.14 , 6.87 
18035,Delaware County,47336,Dunkirk, 28.02 , 3.26 
18035,Delaware County,47338,Eaton, 97.28 , 6.82 
18035,Delaware County,47342,Gaston, 97.84 , 13.01 
18035,Delaware County,47348,Hartford City, 0.69 , 0.21 
18035,Delaware County,47354,Losantville, 11.14 , 0.76 
18035,Delaware County,47356,Middletown, 6.18 , 0.89 
18035,Delaware County,47368,Parker City, 23.79 , 1.98 
18035,Delaware County,47383,Selma, 100.00 , 7.98 
18035,Delaware County,47396,Yorktown, 100.00 , 7.60 
18037,Dubois County,47432,French Lick, 9.40 , 1.95 
18037,Dubois County,47513,Birdseye, 56.00 , 8.43 
18037,Dubois County,47521,Celestine, 99.99 , 5.56 
18037,Dubois County,47523,Dale, 2.13 , 0.30 
18037,Dubois County,47527,Dubois, 100.00 , 14.94 
18037,Dubois County,47532,Ferdinand, 62.68 , 9.25 
18037,Dubois County,47541,Holland, 95.44 , 3.86 
18037,Dubois County,47542,Huntingburg, 99.35 , 19.23 
18037,Dubois County,47546,Jasper, 99.81 , 26.71 
18037,Dubois County,47553,Loogootee, 0.07 , 0.02 
18037,Dubois County,47564,Otwell, 25.81 , 2.42 
18037,Dubois County,47575,Saint Anthony, 100.00 , 5.77 
18037,Dubois County,47580,Schnellville, 100.00 , 0.87 
18037,Dubois County,47581,Shoals, 0.01 , 0.00 
18037,Dubois County,47590,Velpen, 10.15 , 0.66 
18039,Elkhart County,46507,Bristol, 99.99 , 9.11 
18039,Elkhart County,46514,Elkhart, 99.97 , 8.79 
18039,Elkhart County,46516,Elkhart, 100.00 , 3.99 
18039,Elkhart County,46517,Elkhart, 100.00 , 8.21 
18039,Elkhart County,46526,Goshen, 100.00 , 14.15 
18039,Elkhart County,46528,Goshen, 100.00 , 15.07 
18039,Elkhart County,46530,Granger, 9.86 , 0.53 
18039,Elkhart County,46540,Middlebury, 88.67 , 11.02 
18039,Elkhart County,46542,Milford, 3.59 , 0.42 
18039,Elkhart County,46543,Millersburg, 63.04 , 4.46 
18039,Elkhart County,46550,Nappanee, 51.91 , 8.39 
18039,Elkhart County,46553,New Paris, 99.99 , 6.63 
18039,Elkhart County,46561,Osceola, 7.41 , 0.21 
18039,Elkhart County,46567,Syracuse, 32.98 , 4.39 
18039,Elkhart County,46573,Wakarusa, 54.98 , 3.88 
18039,Elkhart County,46767,Ligonier, 5.00 , 0.76 
18041,Fayette County,46127,Falmouth, 26.16 , 3.04 
18041,Fayette County,46133,Glenwood, 38.24 , 5.35 
18041,Fayette County,47024,Laurel, 0.65 , 0.20 
18041,Fayette County,47325,Brownsville, 21.12 , 2.37 
18041,Fayette County,47331,Connersville, 94.89 , 85.08 
18041,Fayette County,47357,Milton, 22.86 , 3.95 
18043,Floyd County,47106,Borden, 6.70 , 3.11 
18043,Floyd County,47117,Elizabeth, 5.76 , 3.30 
18043,Floyd County,47119,Floyds Knobs, 90.58 , 24.14 
18043,Floyd County,47122,Georgetown, 61.58 , 15.64 
18043,Floyd County,47124,Greenville, 80.03 , 12.20 
18043,Floyd County,47129,Clarksville, 0.14 , 0.01 
18043,Floyd County,47136,Lanesville, 47.12 , 9.61 
18043,Floyd County,47150,New Albany, 99.63 , 28.93 
18043,Floyd County,47164,Palmyra, 0.03 , 0.01 
18043,Floyd County,47165,Pekin, 2.10 , 1.16 
18043,Floyd County,47172,Sellersburg, 10.01 , 1.90 
18045,Fountain County,47918,Attica, 58.57 , 20.00 
18045,Fountain County,47932,Covington, 63.76 , 18.00 
18045,Fountain County,47933,Crawfordsville, 1.18 , 0.69 
18045,Fountain County,47949,Hillsboro, 99.99 , 10.64 
18045,Fountain County,47952,Kingman, 64.46 , 17.70 
18045,Fountain County,47958,Mellott, 100.00 , 0.04 
18045,Fountain County,47969,Newtown, 100.00 , 0.10 
18045,Fountain County,47974,Perrysville, 0.03 , 0.00 
18045,Fountain County,47987,Veedersburg, 100.00 , 27.54 
18045,Fountain County,47990,Waynetown, 6.99 , 0.80 
18045,Fountain County,47992,Westpoint, 0.10 , 0.01 
18045,Fountain County,47993,Williamsport, 0.01 , 0.00 
18045,Fountain County,47994,Wingate, 55.97 , 4.46 
18047,Franklin County,46173,Rushville, 1.99 , 1.08 
18047,Franklin County,47003,West College Corner, 19.28 , 0.51 
18047,Franklin County,47006,Batesville, 44.02 , 11.64 
18047,Franklin County,47010,Bath, 89.73 , 1.87 
18047,Franklin County,47012,Brookville, 95.00 , 41.62 
18047,Franklin County,47016,Cedar Grove, 99.99 , 5.68 
18047,Franklin County,47024,Laurel, 99.35 , 16.94 
18047,Franklin County,47030,Metamora, 100.00 , 8.43 
18047,Franklin County,47035,New Trenton, 99.88 , 0.10 
18047,Franklin County,47036,Oldenburg, 99.99 , 4.69 
18047,Franklin County,47060,West Harrison, 39.08 , 5.41 
18047,Franklin County,47240,Greensburg, 1.45 , 1.13 
18047,Franklin County,47331,Connersville, 1.78 , 0.88 
18047,Franklin County,47353,Liberty, 0.06 , 0.02 
18049,Fulton County,46501,Argos, 3.31 , 0.62 
18049,Fulton County,46511,Culver, 13.94 , 2.77 
18049,Fulton County,46539,Mentone, 4.40 , 0.41 
18049,Fulton County,46570,Tippecanoe, 1.32 , 0.08 
18049,Fulton County,46910,Akron, 66.42 , 12.09 
18049,Fulton County,46939,Kewanna, 95.00 , 25.01 
18049,Fulton County,46950,Lucerne, 3.83 , 0.30 
18049,Fulton County,46951,Macy, 14.97 , 2.69 
18049,Fulton County,46960,Monterey, 2.78 , 0.30 
18049,Fulton County,46975,Rochester, 100.00 , 55.46 
18049,Fulton County,46982,Silver Lake, 2.17 , 0.26 
18051,Gibson County,47524,Decker, 0.21 , 0.02 
18051,Gibson County,47567,Petersburg, 0.02 , 0.01 
18051,Gibson County,47612,Cynthiana, 64.39 , 2.28 
18051,Gibson County,47613,Elberfeld, 18.95 , 1.64 
18051,Gibson County,47616,Griffin, 27.30 , 1.49 
18051,Gibson County,47619,Lynnville, 13.59 , 1.24 
18051,Gibson County,47633,Poseyville, 9.88 , 1.16 
18051,Gibson County,47639,Haubstadt, 67.83 , 6.72 
18051,Gibson County,47640,Hazleton, 73.97 , 5.30 
18051,Gibson County,47647,Buckskin, 99.99 , 0.39 
18051,Gibson County,47648,Fort Branch, 100.00 , 9.75 
18051,Gibson County,47649,Francisco, 99.99 , 7.27 
18051,Gibson County,47660,Oakland City, 57.87 , 10.77 
18051,Gibson County,47665,Owensville, 99.91 , 23.07 
18051,Gibson County,47666,Patoka, 99.90 , 11.68 
18051,Gibson County,47670,Princeton, 100.00 , 17.13 
18051,Gibson County,47725,Evansville, 0.80 , 0.08 
18053,Grant County,46036,Elwood, 2.33 , 0.47 
18053,Grant County,46070,Summitville, 2.15 , 0.24 
18053,Grant County,46919,Converse, 54.25 , 4.88 
18053,Grant County,46928,Fairmount, 99.98 , 16.91 
18053,Grant County,46930,Fowlerton, 100.00 , 0.05 
18053,Grant County,46933,Gas City, 100.00 , 2.97 
18053,Grant County,46938,Jonesboro, 100.00 , 7.34 
18053,Grant County,46940,La Fontaine, 3.59 , 0.47 
18053,Grant County,46952,Marion, 89.32 , 24.27 
18053,Grant County,46953,Marion, 100.00 , 19.07 
18053,Grant County,46957,Matthews, 100.00 , 0.07 
18053,Grant County,46986,Swayzee, 99.99 , 8.34 
18053,Grant County,46987,Sweetser, 100.00 , 0.16 
18053,Grant County,46989,Upland, 97.97 , 8.27 
18053,Grant County,46991,Van Buren, 88.73 , 5.86 
18053,Grant County,47342,Gaston, 2.15 , 0.27 
18053,Grant County,47348,Hartford City, 1.26 , 0.37 
18055,Greene County,47403,Bloomington, 2.51 , 0.39 
18055,Greene County,47424,Bloomfield, 100.00 , 33.16 
18055,Greene County,47427,Coal City, 2.92 , 0.25 
18055,Greene County,47431,Freedom, 0.02 , 0.00 
18055,Greene County,47438,Jasonville, 50.57 , 5.88 
18055,Greene County,47441,Linton, 100.00 , 11.81 
18055,Greene County,47443,Lyons, 100.00 , 9.16 
18055,Greene County,47449,Newberry, 98.63 , 4.57 
18055,Greene County,47453,Owensburg, 99.97 , 2.36 
18055,Greene County,47457,Scotland, 100.00 , 0.02 
18055,Greene County,47459,Solsberry, 99.12 , 9.94 
18055,Greene County,47460,Spencer, 2.80 , 0.73 
18055,Greene County,47462,Springville, 28.56 , 4.29 
18055,Greene County,47465,Switz City, 100.00 , 4.24 
18055,Greene County,47471,Worthington, 83.51 , 10.02 
18055,Greene County,47522,Crane, 0.01 , 0.00 
18055,Greene County,47578,Sandborn, 32.88 , 2.73 
18055,Greene County,47838,Carlisle, 0.02 , 0.00 
18055,Greene County,47848,Dugger, 19.48 , 0.44 
18055,Greene County,47882,Sullivan, 0.01 , 0.00 
18057,Hamilton County,46030,Arcadia, 100.00 , 8.53 
18057,Hamilton County,46031,Atlanta, 66.12 , 7.58 
18057,Hamilton County,46032,Carmel, 99.99 , 6.52 
18057,Hamilton County,46033,Carmel, 100.00 , 4.39 
18057,Hamilton County,46034,Cicero, 100.00 , 8.63 
18057,Hamilton County,46037,Fishers, 99.99 , 5.08 
18057,Hamilton County,46038,Fishers, 100.00 , 3.84 
18057,Hamilton County,46040,Fortville, 20.91 , 1.59 
18057,Hamilton County,46055,McCordsville, 7.20 , 0.52 
18057,Hamilton County,46060,Noblesville, 99.99 , 20.01 
18057,Hamilton County,46062,Noblesville, 100.00 , 8.57 
18057,Hamilton County,46069,Sheridan, 57.51 , 12.54 
18057,Hamilton County,46074,Westfield, 100.00 , 9.79 
18057,Hamilton County,46077,Zionsville, 5.46 , 0.59 
18057,Hamilton County,46250,Indianapolis, 6.58 , 0.14 
18057,Hamilton County,46256,Indianapolis, 10.77 , 0.35 
18057,Hamilton County,46280,Indianapolis, 99.93 , 1.15 
18057,Hamilton County,46290,Indianapolis, 99.98 , 0.16 
18059,Hancock County,46040,Fortville, 61.69 , 6.17 
18059,Hancock County,46055,McCordsville, 92.79 , 8.83 
18059,Hancock County,46056,Markleville, 12.99 , 1.01 
18059,Hancock County,46064,Pendleton, 10.88 , 2.36 
18059,Hancock County,46115,Carthage, 6.98 , 0.80 
18059,Hancock County,46117,Charlottesville, 90.68 , 2.58 
18059,Hancock County,46130,Fountaintown, 10.66 , 1.03 
18059,Hancock County,46140,Greenfield, 99.67 , 57.05 
18059,Hancock County,46148,Knightstown, 0.03 , 0.01 
18059,Hancock County,46154,Maxwell, 100.00 , 0.00 
18059,Hancock County,46161,Morristown, 6.65 , 0.65 
18059,Hancock County,46163,New Palestine, 83.44 , 8.07 
18059,Hancock County,46186,Wilkinson, 96.26 , 9.40 
18059,Hancock County,46229,Indianapolis, 18.33 , 0.70 
18059,Hancock County,47384,Shirley, 12.78 , 1.32 
18061,Harrison County,47110,Central, 100.00 , 1.56 
18061,Harrison County,47112,Corydon, 99.89 , 32.35 
18061,Harrison County,47114,Crandall, 100.00 , 0.43 
18061,Harrison County,47115,Depauw, 98.40 , 10.85 
18061,Harrison County,47117,Elizabeth, 94.24 , 16.58 
18061,Harrison County,47120,Fredericksburg, 0.75 , 0.03 
18061,Harrison County,47122,Georgetown, 38.42 , 3.00 
18061,Harrison County,47124,Greenville, 19.95 , 0.93 
18061,Harrison County,47125,Hardinsburg, 2.25 , 0.24 
18061,Harrison County,47135,Laconia, 99.73 , 10.07 
18061,Harrison County,47136,Lanesville, 52.88 , 3.32 
18061,Harrison County,47137,Leavenworth, 0.49 , 0.07 
18061,Harrison County,47142,Mauckport, 99.64 , 7.64 
18061,Harrison County,47145,Milltown, 0.16 , 0.01 
18061,Harrison County,47160,New Middletown, 100.00 , 0.28 
18061,Harrison County,47161,New Salisbury, 100.00 , 4.58 
18061,Harrison County,47164,Palmyra, 74.94 , 5.37 
18061,Harrison County,47166,Ramsey, 100.00 , 2.69 
18063,Hendricks County,46077,Zionsville, 0.02 , 0.00 
18063,Hendricks County,46103,Amo, 100.00 , 0.10 
18063,Hendricks County,46112,Brownsburg, 97.24 , 9.82 
18063,Hendricks County,46113,Camby, 16.39 , 0.60 
18063,Hendricks County,46118,Clayton, 92.64 , 10.90 
18063,Hendricks County,46121,Coatesville, 54.21 , 7.68 
18063,Hendricks County,46122,Danville, 100.00 , 21.82 
18063,Hendricks County,46123,Avon, 100.00 , 6.80 
18063,Hendricks County,46147,Jamestown, 6.57 , 0.86 
18063,Hendricks County,46149,Lizton, 99.67 , 6.70 
18063,Hendricks County,46158,Mooresville, 12.44 , 2.36 
18063,Hendricks County,46165,North Salem, 99.99 , 9.81 
18063,Hendricks County,46167,Pittsboro, 98.29 , 7.11 
18063,Hendricks County,46168,Plainfield, 100.00 , 8.69 
18063,Hendricks County,46180,Stilesville, 50.55 , 3.41 
18063,Hendricks County,46231,Indianapolis, 53.47 , 1.34 
18063,Hendricks County,46234,Indianapolis, 50.28 , 1.80 
18063,Hendricks County,46278,Indianapolis, 2.74 , 0.10 
18063,Hendricks County,47954,Ladoga, 0.02 , 0.00 
18063,Hendricks County,47968,New Ross, 1.43 , 0.09 
18065,Henry County,46056,Markleville, 3.34 , 0.20 
18065,Henry County,46117,Charlottesville, 9.31 , 0.21 
18065,Henry County,46148,Knightstown, 65.61 , 8.68 
18065,Henry County,46186,Wilkinson, 3.74 , 0.28 
18065,Henry County,47302,Muncie, 2.19 , 0.37 
18065,Henry County,47327,Cambridge City, 19.62 , 2.66 
18065,Henry County,47334,Daleville, 2.86 , 0.20 
18065,Henry County,47346,Hagerstown, 10.36 , 1.06 
18065,Henry County,47351,Kennard, 100.00 , 0.09 
18065,Henry County,47352,Lewisville, 65.10 , 4.34 
18065,Henry County,47354,Losantville, 23.18 , 1.58 
18065,Henry County,47356,Middletown, 87.18 , 12.63 
18065,Henry County,47360,Mooreland, 95.42 , 8.18 
18065,Henry County,47362,New Castle, 100.00 , 38.28 
18065,Henry County,47384,Shirley, 87.22 , 7.03 
18065,Henry County,47385,Spiceland, 100.00 , 3.93 
18065,Henry County,47386,Springport, 100.00 , 4.70 
18065,Henry County,47387,Straughn, 99.97 , 5.56 
18067,Howard County,46076,Windfall, 1.69 , 0.25 
18067,Howard County,46901,Kokomo, 86.80 , 40.98 
18067,Howard County,46902,Kokomo, 98.57 , 17.85 
18067,Howard County,46919,Converse, 7.94 , 1.01 
18067,Howard County,46929,Flora, 13.23 , 2.00 
18067,Howard County,46932,Galveston, 1.52 , 0.26 
18067,Howard County,46936,Greentown, 100.00 , 24.12 
18067,Howard County,46979,Russiaville, 86.71 , 13.53 
18069,Huntington County,46702,Andrews, 88.85 , 9.04 
18069,Huntington County,46750,Huntington, 100.00 , 52.61 
18069,Huntington County,46770,Markle, 43.63 , 5.49 
18069,Huntington County,46783,Roanoke, 47.44 , 6.95 
18069,Huntington County,46792,Warren, 77.92 , 20.76 
18069,Huntington County,46940,La Fontaine, 23.10 , 3.26 
18069,Huntington County,46952,Marion, 3.75 , 1.09 
18069,Huntington County,46962,North Manchester, 0.01 , 0.00 
18069,Huntington County,46991,Van Buren, 11.23 , 0.79 
18071,Jackson County,47102,Austin, 15.44 , 1.22 
18071,Jackson County,47170,Scottsburg, 0.02 , 0.01 
18071,Jackson County,47201,Columbus, 0.01 , 0.00 
18071,Jackson County,47220,Brownstown, 100.00 , 16.23 
18071,Jackson County,47229,Crothersville, 89.08 , 8.44 
18071,Jackson County,47232,Elizabethtown, 0.11 , 0.01 
18071,Jackson County,47235,Freetown, 75.13 , 6.10 
18071,Jackson County,47260,Medora, 99.91 , 10.64 
18071,Jackson County,47264,Norman, 65.51 , 14.01 
18071,Jackson County,47274,Seymour, 86.62 , 36.51 
18071,Jackson County,47281,Vallonia, 57.93 , 6.83 
18071,Jackson County,47448,Nashville, 0.00 , 0.00 
18073,Jasper County,46310,Demotte, 71.68 , 8.37 
18073,Jasper County,46341,Hebron, 1.85 , 0.32 
18073,Jasper County,46347,Kouts, 0.03 , 0.00 
18073,Jasper County,46374,San Pierre, 10.48 , 0.59 
18073,Jasper County,46392,Wheatfield, 99.98 , 21.05 
18073,Jasper County,47922,Brook, 12.25 , 1.56 
18073,Jasper County,47943,Fair Oaks, 52.01 , 5.74 
18073,Jasper County,47946,Francesville, 22.34 , 3.68 
18073,Jasper County,47948,Goodland, 30.14 , 3.18 
18073,Jasper County,47957,Medaryville, 5.01 , 0.51 
18073,Jasper County,47959,Monon, 15.34 , 1.90 
18073,Jasper County,47977,Remington, 60.20 , 9.13 
18073,Jasper County,47978,Rensselaer, 97.53 , 43.81 
18073,Jasper County,47995,Wolcott, 1.24 , 0.18 
18075,Jay County,46740,Geneva, 0.56 , 0.09 
18075,Jay County,47326,Bryant, 99.95 , 16.52 
18075,Jay County,47336,Dunkirk, 52.99 , 6.36 
18075,Jay County,47359,Montpelier, 3.60 , 0.54 
18075,Jay County,47369,Pennville, 96.47 , 8.19 
18075,Jay County,47371,Portland, 99.99 , 55.72 
18075,Jay County,47373,Redkey, 91.63 , 8.12 
18075,Jay County,47380,Ridgeville, 13.61 , 2.10 
18075,Jay County,47381,Salamonia, 100.00 , 0.63 
18075,Jay County,47390,Union City, 8.23 , 1.74 
18077,Jefferson County,47043,Vevay, 1.95 , 0.56 
18077,Jefferson County,47138,Lexington, 53.13 , 10.71 
18077,Jefferson County,47147,Nabb, 14.37 , 1.10 
18077,Jefferson County,47224,Canaan, 73.38 , 5.43 
18077,Jefferson County,47227,Commiskey, 15.73 , 1.83 
18077,Jefferson County,47230,Deputy, 81.05 , 11.85 
18077,Jefferson County,47231,Dupont, 66.67 , 4.79 
18077,Jefferson County,47243,Hanover, 99.89 , 10.90 
18077,Jefferson County,47250,Madison, 86.73 , 52.56 
18077,Jefferson County,47270,Paris Crossing, 5.71 , 0.28 
18079,Jennings County,47023,Holton, 0.01 , 0.00 
18079,Jennings County,47037,Osgood, 1.11 , 0.23 
18079,Jennings County,47102,Austin, 0.02 , 0.00 
18079,Jennings County,47223,Butlerville, 99.98 , 15.27 
18079,Jennings County,47227,Commiskey, 84.26 , 9.39 
18079,Jennings County,47229,Crothersville, 10.79 , 1.39 
18079,Jennings County,47230,Deputy, 6.81 , 0.95 
18079,Jennings County,47231,Dupont, 33.33 , 2.30 
18079,Jennings County,47232,Elizabethtown, 24.94 , 2.00 
18079,Jennings County,47265,North Vernon, 100.00 , 49.84 
18079,Jennings County,47270,Paris Crossing, 94.25 , 4.43 
18079,Jennings County,47273,Scipio, 99.99 , 8.45 
18079,Jennings County,47274,Seymour, 5.82 , 3.33 
18079,Jennings County,47282,Vernon, 100.00 , 0.05 
18079,Jennings County,47283,Westport, 13.33 , 2.37 
18081,Johnson County,46106,Bargersville, 99.99 , 10.60 
18081,Johnson County,46124,Edinburgh, 19.90 , 4.10 
18081,Johnson County,46131,Franklin, 95.99 , 34.69 
18081,Johnson County,46142,Greenwood, 99.94 , 5.33 
18081,Johnson County,46143,Greenwood, 99.99 , 14.97 
18081,Johnson County,46151,Martinsville, 0.30 , 0.20 
18081,Johnson County,46160,Morgantown, 23.16 , 6.53 
18081,Johnson County,46162,Needham, 51.54 , 1.94 
18081,Johnson County,46164,Nineveh, 33.63 , 4.12 
18081,Johnson County,46181,Trafalgar, 88.39 , 11.34 
18081,Johnson County,46184,Whiteland, 100.00 , 4.89 
18081,Johnson County,46259,Indianapolis, 19.43 , 1.27 
18083,Knox County,47501,Washington, 0.03 , 0.01 
18083,Knox County,47512,Bicknell, 99.99 , 9.65 
18083,Knox County,47516,Bruceville, 100.00 , 5.21 
18083,Knox County,47524,Decker, 99.79 , 10.15 
18083,Knox County,47528,Edwardsport, 99.97 , 4.96 
18083,Knox County,47529,Elnora, 0.07 , 0.00 
18083,Knox County,47535,Freelandville, 100.00 , 0.03 
18083,Knox County,47557,Monroe City, 99.99 , 11.60 
18083,Knox County,47561,Oaktown, 99.97 , 13.43 
18083,Knox County,47567,Petersburg, 0.01 , 0.00 
18083,Knox County,47568,Plainville, 0.03 , 0.00 
18083,Knox County,47573,Ragsdale, 100.00 , 0.01 
18083,Knox County,47578,Sandborn, 67.01 , 5.79 
18083,Knox County,47591,Vincennes, 99.99 , 30.55 
18083,Knox County,47596,Westphalia, 100.00 , 0.55 
18083,Knox County,47597,Wheatland, 99.97 , 7.93 
18083,Knox County,47640,Hazleton, 0.18 , 0.01 
18083,Knox County,47666,Patoka, 0.09 , 0.01 
18083,Knox County,47838,Carlisle, 0.45 , 0.10 
18085,Kosciusko County,46502,Atwood, 100.00 , 0.00 
18085,Kosciusko County,46504,Bourbon, 2.36 , 0.28 
18085,Kosciusko County,46506,Bremen, 0.28 , 0.05 
18085,Kosciusko County,46508,Burket, 100.00 , 0.01 
18085,Kosciusko County,46510,Claypool, 100.00 , 12.30 
18085,Kosciusko County,46524,Etna Green, 98.40 , 5.56 
18085,Kosciusko County,46538,Leesburg, 100.00 , 6.03 
18085,Kosciusko County,46539,Mentone, 92.70 , 5.80 
18085,Kosciusko County,46542,Milford, 96.41 , 9.54 
18085,Kosciusko County,46550,Nappanee, 36.95 , 5.04 
18085,Kosciusko County,46555,North Webster, 99.97 , 2.08 
18085,Kosciusko County,46562,Pierceton, 86.16 , 9.37 
18085,Kosciusko County,46567,Syracuse, 67.02 , 7.54 
18085,Kosciusko County,46580,Warsaw, 100.00 , 13.38 
18085,Kosciusko County,46582,Warsaw, 100.00 , 10.76 
18085,Kosciusko County,46590,Winona Lake, 100.00 , 0.59 
18085,Kosciusko County,46732,Cromwell, 11.23 , 0.45 
18085,Kosciusko County,46787,South Whitley, 7.41 , 0.83 
18085,Kosciusko County,46910,Akron, 26.31 , 3.21 
18085,Kosciusko County,46962,North Manchester, 6.29 , 1.19 
18085,Kosciusko County,46982,Silver Lake, 73.89 , 5.98 
18087,LaGrange County,46540,Middlebury, 11.31 , 1.70 
18087,LaGrange County,46543,Millersburg, 33.57 , 2.88 
18087,LaGrange County,46565,Shipshewana, 99.99 , 15.99 
18087,LaGrange County,46571,Topeka, 96.68 , 11.23 
18087,LaGrange County,46746,Howe, 99.95 , 21.86 
18087,LaGrange County,46747,Hudson, 8.83 , 0.76 
18087,LaGrange County,46761,LaGrange, 97.71 , 29.06 
18087,LaGrange County,46767,Ligonier, 3.86 , 0.71 
18087,LaGrange County,46776,Orland, 14.81 , 0.90 
18087,LaGrange County,46786,South Milford, 100.00 , 0.01 
18087,LaGrange County,46795,Wolcottville, 94.69 , 14.91 
18089,Lake County,46303,Cedar Lake, 100.00 , 6.10 
18089,Lake County,46307,Crown Point, 97.29 , 17.35 
18089,Lake County,46310,Demotte, 0.04 , 0.01 
18089,Lake County,46311,Dyer, 99.96 , 2.63 
18089,Lake County,46312,East Chicago, 99.54 , 2.85 
18089,Lake County,46319,Griffith, 100.00 , 2.03 
18089,Lake County,46320,Hammond, 99.09 , 1.82 
18089,Lake County,46321,Munster, 99.99 , 1.51 
18089,Lake County,46322,Highland, 100.00 , 1.38 
18089,Lake County,46323,Hammond, 100.00 , 1.15 
18089,Lake County,46324,Hammond, 99.98 , 0.87 
18089,Lake County,46327,Hammond, 99.86 , 0.61 
18089,Lake County,46341,Hebron, 48.82 , 9.32 
18089,Lake County,46342,Hobart, 70.98 , 4.89 
18089,Lake County,46356,Lowell, 99.98 , 22.50 
18089,Lake County,46373,Saint John, 100.00 , 2.09 
18089,Lake County,46375,Schererville, 100.00 , 2.39 
18089,Lake County,46376,Schneider, 99.86 , 1.26 
18089,Lake County,46377,Shelby, 100.00 , 0.22 
18089,Lake County,46394,Whiting, 99.28 , 0.60 
18089,Lake County,46402,Gary, 99.78 , 2.36 
18089,Lake County,46403,Gary, 89.26 , 1.42 
18089,Lake County,46404,Gary, 100.00 , 1.09 
18089,Lake County,46405,Lake Station, 99.99 , 1.81 
18089,Lake County,46406,Gary, 99.98 , 2.30 
18089,Lake County,46407,Gary, 100.00 , 0.91 
18089,Lake County,46408,Gary, 100.00 , 1.89 
18089,Lake County,46409,Gary, 100.00 , 0.68 
18089,Lake County,46410,Merrillville, 100.00 , 5.96 
18091,LaPorte County,46340,Hanna, 99.96 , 5.84 
18091,LaPorte County,46346,Kingsford Heights, 100.00 , 0.11 
18091,LaPorte County,46348,La Crosse, 98.74 , 8.28 
18091,LaPorte County,46350,La Porte, 100.00 , 32.34 
18091,LaPorte County,46360,Michigan City, 80.28 , 10.69 
18091,LaPorte County,46365,Mill Creek, 99.98 , 3.67 
18091,LaPorte County,46366,North Judson, 0.02 , 0.00 
18091,LaPorte County,46371,Rolling Prairie, 100.00 , 6.57 
18091,LaPorte County,46374,San Pierre, 0.11 , 0.01 
18091,LaPorte County,46382,Union Mills, 100.00 , 8.11 
18091,LaPorte County,46390,Wanatah, 99.97 , 7.89 
18091,LaPorte County,46391,Westville, 68.09 , 4.30 
18091,LaPorte County,46532,Hamlet, 41.68 , 3.67 
18091,LaPorte County,46534,Knox, 0.08 , 0.02 
18091,LaPorte County,46552,New Carlisle, 24.65 , 2.58 
18091,LaPorte County,46554,North Liberty, 4.40 , 0.49 
18091,LaPorte County,46574,Walkerton, 32.75 , 5.43 
18093,Lawrence County,47108,Campbellsburg, 0.02 , 0.00 
18093,Lawrence County,47264,Norman, 17.92 , 4.36 
18093,Lawrence County,47420,Avoca, 100.00 , 0.01 
18093,Lawrence County,47421,Bedford, 99.48 , 41.34 
18093,Lawrence County,47436,Heltonville, 80.73 , 8.06 
18093,Lawrence County,47446,Mitchell, 90.75 , 24.33 
18093,Lawrence County,47451,Oolitic, 100.00 , 0.22 
18093,Lawrence County,47452,Orleans, 14.74 , 3.30 
18093,Lawrence County,47462,Springville, 56.43 , 10.25 
18093,Lawrence County,47467,Tunnelton, 100.00 , 0.00 
18093,Lawrence County,47470,Williams, 83.91 , 8.12 
18093,Lawrence County,47581,Shoals, 0.01 , 0.00 
18095,Madison County,46001,Alexandria, 97.85 , 16.52 
18095,Madison County,46011,Anderson, 100.00 , 17.09 
18095,Madison County,46012,Anderson, 90.73 , 6.62 
18095,Madison County,46013,Anderson, 100.00 , 4.66 
18095,Madison County,46016,Anderson, 100.00 , 1.42 
18095,Madison County,46017,Anderson, 99.99 , 3.35 
18095,Madison County,46036,Elwood, 71.61 , 13.15 
18095,Madison County,46040,Fortville, 17.40 , 1.18 
18095,Madison County,46044,Frankton, 100.00 , 4.75 
18095,Madison County,46048,Ingalls, 99.93 , 0.16 
18095,Madison County,46051,Lapel, 99.99 , 2.99 
18095,Madison County,46056,Markleville, 83.67 , 4.42 
18095,Madison County,46064,Pendleton, 89.11 , 13.09 
18095,Madison County,46070,Summitville, 94.59 , 9.74 
18095,Madison County,46928,Fairmount, 0.01 , 0.00 
18095,Madison County,47356,Middletown, 6.63 , 0.84 
18097,Marion County,46077,Zionsville, 2.77 , 0.30 
18097,Marion County,46107,Beech Grove, 100.00 , 0.83 
18097,Marion County,46113,Camby, 36.00 , 1.34 
18097,Marion County,46183,West Newton, 100.00 , 0.02 
18097,Marion County,46201,Indianapolis, 100.00 , 1.40 
18097,Marion County,46202,Indianapolis, 100.00 , 1.43 
18097,Marion County,46203,Indianapolis, 100.00 , 3.62 
18097,Marion County,46204,Indianapolis, 100.00 , 0.25 
18097,Marion County,46205,Indianapolis, 100.00 , 1.63 
18097,Marion County,46208,Indianapolis, 100.00 , 1.63 
18097,Marion County,46214,Indianapolis, 100.00 , 1.87 
18097,Marion County,46216,Indianapolis, 100.00 , 0.68 
18097,Marion County,46217,Indianapolis, 99.98 , 5.32 
18097,Marion County,46218,Indianapolis, 100.00 , 2.39 
18097,Marion County,46219,Indianapolis, 100.00 , 3.11 
18097,Marion County,46220,Indianapolis, 100.00 , 3.04 
18097,Marion County,46221,Indianapolis, 99.97 , 5.11 
18097,Marion County,46222,Indianapolis, 100.00 , 2.74 
18097,Marion County,46224,Indianapolis, 100.00 , 1.87 
18097,Marion County,46225,Indianapolis, 100.00 , 0.95 
18097,Marion County,46226,Indianapolis, 100.00 , 3.48 
18097,Marion County,46227,Indianapolis, 99.98 , 4.21 
18097,Marion County,46228,Indianapolis, 100.00 , 2.04 
18097,Marion County,46229,Indianapolis, 81.67 , 2.37 
18097,Marion County,46231,Indianapolis, 46.53 , 1.18 
18097,Marion County,46234,Indianapolis, 49.72 , 1.81 
18097,Marion County,46235,Indianapolis, 99.97 , 2.45 
18097,Marion County,46236,Indianapolis, 99.92 , 2.92 
18097,Marion County,46237,Indianapolis, 99.98 , 3.63 
18097,Marion County,46239,Indianapolis, 99.99 , 6.93 
18097,Marion County,46240,Indianapolis, 99.93 , 2.59 
18097,Marion County,46241,Indianapolis, 100.00 , 6.24 
18097,Marion County,46250,Indianapolis, 93.42 , 1.95 
18097,Marion County,46254,Indianapolis, 100.00 , 2.92 
18097,Marion County,46256,Indianapolis, 89.23 , 2.88 
18097,Marion County,46259,Indianapolis, 74.28 , 3.88 
18097,Marion County,46260,Indianapolis, 99.95 , 2.47 
18097,Marion County,46268,Indianapolis, 95.96 , 3.02 
18097,Marion County,46278,Indianapolis, 97.06 , 3.48 
18099,Marshall County,46501,Argos, 96.69 , 14.90 
18099,Marshall County,46504,Bourbon, 97.64 , 14.12 
18099,Marshall County,46506,Bremen, 61.57 , 14.30 
18099,Marshall County,46511,Culver, 62.49 , 10.23 
18099,Marshall County,46524,Etna Green, 1.60 , 0.11 
18099,Marshall County,46531,Grovertown, 5.07 , 0.26 
18099,Marshall County,46536,Lakeville, 7.03 , 0.44 
18099,Marshall County,46539,Mentone, 2.90 , 0.22 
18099,Marshall County,46550,Nappanee, 7.16 , 1.20 
18099,Marshall County,46563,Plymouth, 99.63 , 33.79 
18099,Marshall County,46570,Tippecanoe, 98.68 , 5.16 
18099,Marshall County,46574,Walkerton, 23.69 , 5.27 
18101,Martin County,47432,French Lick, 9.79 , 2.60 
18101,Martin County,47446,Mitchell, 9.24 , 3.29 
18101,Martin County,47470,Williams, 16.09 , 2.07 
18101,Martin County,47522,Crane, 99.99 , 27.22 
18101,Martin County,47553,Loogootee, 58.50 , 22.80 
18101,Martin County,47562,Odon, 0.68 , 0.12 
18101,Martin County,47581,Shoals, 99.97 , 41.89 
18103,Miami County,46901,Kokomo, 13.20 , 4.85 
18103,Miami County,46910,Akron, 7.27 , 1.30 
18103,Miami County,46911,Amboy, 81.07 , 8.61 
18103,Miami County,46914,Bunker Hill, 99.98 , 8.71 
18103,Miami County,46919,Converse, 35.66 , 3.53 
18103,Miami County,46926,Denver, 93.23 , 9.80 
18103,Miami County,46932,Galveston, 1.02 , 0.13 
18103,Miami County,46951,Macy, 84.98 , 15.05 
18103,Miami County,46958,Mexico, 100.00 , 0.09 
18103,Miami County,46959,Miami, 100.00 , 0.20 
18103,Miami County,46970,Peru, 92.38 , 44.15 
18103,Miami County,46971,Grissom Arb, 100.00 , 0.13 
18103,Miami County,46974,Roann, 31.79 , 3.45 
18105,Monroe County,46151,Martinsville, 4.06 , 2.11 
18105,Monroe County,47264,Norman, 16.57 , 4.43 
18105,Monroe County,47401,Bloomington, 96.85 , 20.76 
18105,Monroe County,47403,Bloomington, 97.49 , 19.95 
18105,Monroe County,47404,Bloomington, 93.74 , 12.14 
18105,Monroe County,47405,Bloomington, 100.00 , 0.09 
18105,Monroe County,47406,Bloomington, 100.00 , 0.11 
18105,Monroe County,47408,Bloomington, 99.94 , 16.64 
18105,Monroe County,47421,Bedford, 0.50 , 0.23 
18105,Monroe County,47429,Ellettsville, 100.00 , 6.54 
18105,Monroe County,47433,Gosport, 30.33 , 5.83 
18105,Monroe County,47436,Heltonville, 19.27 , 2.11 
18105,Monroe County,47448,Nashville, 1.13 , 0.54 
18105,Monroe County,47460,Spencer, 1.14 , 0.40 
18105,Monroe County,47462,Springville, 15.01 , 2.99 
18105,Monroe County,47464,Stinesville, 100.00 , 0.03 
18105,Monroe County,47468,Unionville, 81.67 , 5.11 
18107,Montgomery County,46035,Colfax, 27.51 , 1.33 
18107,Montgomery County,46071,Thorntown, 0.01 , 0.00 
18107,Montgomery County,46172,Roachdale, 0.02 , 0.00 
18107,Montgomery County,47916,Alamo, 100.00 , 0.01 
18107,Montgomery County,47930,Clarks Hill, 21.68 , 1.25 
18107,Montgomery County,47933,Crawfordsville, 97.94 , 45.21 
18107,Montgomery County,47940,Darlington, 100.00 , 8.01 
18107,Montgomery County,47954,Ladoga, 98.08 , 12.89 
18107,Montgomery County,47955,Linden, 98.60 , 4.22 
18107,Montgomery County,47965,New Market, 100.00 , 0.05 
18107,Montgomery County,47967,New Richmond, 81.99 , 5.54 
18107,Montgomery County,47968,New Ross, 89.97 , 4.67 
18107,Montgomery County,47981,Romney, 0.02 , 0.00 
18107,Montgomery County,47989,Waveland, 70.78 , 5.61 
18107,Montgomery County,47990,Waynetown, 93.01 , 8.42 
18107,Montgomery County,47992,Westpoint, 0.02 , 0.00 
18107,Montgomery County,47994,Wingate, 44.03 , 2.76 
18109,Morgan County,46111,Brooklyn, 100.00 , 0.04 
18109,Morgan County,46113,Camby, 47.60 , 1.74 
18109,Morgan County,46118,Clayton, 7.36 , 0.86 
18109,Morgan County,46120,Cloverdale, 4.83 , 1.17 
18109,Morgan County,46121,Coatesville, 0.01 , 0.00 
18109,Morgan County,46151,Martinsville, 95.64 , 49.96 
18109,Morgan County,46157,Monrovia, 100.00 , 7.35 
18109,Morgan County,46158,Mooresville, 87.56 , 16.55 
18109,Morgan County,46160,Morgantown, 25.78 , 5.71 
18109,Morgan County,46166,Paragon, 95.55 , 9.29 
18109,Morgan County,46180,Stilesville, 49.42 , 3.33 
18109,Morgan County,47433,Gosport, 10.91 , 2.11 
18109,Morgan County,47456,Quincy, 31.78 , 1.88 
18111,Newton County,46310,Demotte, 28.27 , 4.59 
18111,Newton County,46349,Lake Village, 99.99 , 16.12 
18111,Newton County,46356,Lowell, 0.01 , 0.00 
18111,Newton County,46376,Schneider, 0.14 , 0.00 
18111,Newton County,46381,Thayer, 100.00 , 0.03 
18111,Newton County,47922,Brook, 87.75 , 15.51 
18111,Newton County,47942,Earl Park, 2.98 , 0.45 
18111,Newton County,47943,Fair Oaks, 47.99 , 7.37 
18111,Newton County,47948,Goodland, 54.88 , 8.05 
18111,Newton County,47951,Kentland, 99.99 , 14.40 
18111,Newton County,47963,Morocco, 99.99 , 32.39 
18111,Newton County,47964,Mount Ayr, 100.00 , 0.02 
18111,Newton County,47978,Rensselaer, 1.71 , 1.07 
18113,Noble County,46543,Millersburg, 3.39 , 0.27 
18113,Noble County,46562,Pierceton, 4.88 , 0.71 
18113,Noble County,46571,Topeka, 3.32 , 0.36 
18113,Noble County,46701,Albion, 100.00 , 23.96 
18113,Noble County,46710,Avilla, 88.24 , 8.63 
18113,Noble County,46723,Churubusco, 22.45 , 3.15 
18113,Noble County,46725,Columbia City, 2.11 , 1.06 
18113,Noble County,46732,Cromwell, 88.77 , 4.74 
18113,Noble County,46748,Huntertown, 2.68 , 0.12 
18113,Noble County,46755,Kendallville, 99.29 , 18.62 
18113,Noble County,46760,Kimmell, 99.99 , 6.13 
18113,Noble County,46763,Laotto, 73.34 , 4.56 
18113,Noble County,46764,Larwill, 12.53 , 1.15 
18113,Noble County,46767,Ligonier, 91.14 , 15.55 
18113,Noble County,46784,Rome City, 100.00 , 4.36 
18113,Noble County,46794,Wawaka, 100.00 , 5.85 
18113,Noble County,46795,Wolcottville, 5.31 , 0.77 
18115,Ohio County,47001,Aurora, 19.50 , 16.61 
18115,Ohio County,47011,Bennington, 4.77 , 2.01 
18115,Ohio County,47017,Cross Plains, 13.76 , 3.74 
18115,Ohio County,47018,Dillsboro, 27.92 , 23.87 
18115,Ohio County,47040,Rising Sun, 69.60 , 53.78 
18117,Orange County,47108,Campbellsburg, 5.86 , 1.35 
18117,Orange County,47118,English, 11.85 , 4.33 
18117,Orange County,47125,Hardinsburg, 50.25 , 6.29 
18117,Orange County,47140,Marengo, 45.36 , 4.35 
18117,Orange County,47175,Taswell, 4.83 , 0.27 
18117,Orange County,47432,French Lick, 80.80 , 17.91 
18117,Orange County,47452,Orleans, 85.25 , 21.14 
18117,Orange County,47454,Paoli, 100.00 , 30.32 
18117,Orange County,47469,West Baden Springs, 100.00 , 14.02 
18117,Orange County,47581,Shoals, 0.01 , 0.00 
18119,Owen County,46120,Cloverdale, 15.32 , 3.92 
18119,Owen County,46166,Paragon, 4.45 , 0.46 
18119,Owen County,47404,Bloomington, 6.26 , 0.86 
18119,Owen County,47427,Coal City, 90.23 , 10.97 
18119,Owen County,47431,Freedom, 99.98 , 11.90 
18119,Owen County,47433,Gosport, 58.76 , 11.97 
18119,Owen County,47455,Patricksburg, 100.00 , 0.05 
18119,Owen County,47456,Quincy, 60.30 , 3.77 
18119,Owen County,47459,Solsberry, 0.87 , 0.12 
18119,Owen County,47460,Spencer, 96.06 , 35.43 
18119,Owen County,47471,Worthington, 16.47 , 2.78 
18119,Owen County,47833,Bowling Green, 45.50 , 4.87 
18119,Owen County,47841,Clay City, 0.80 , 0.13 
18119,Owen County,47868,Poland, 85.73 , 12.77 
18121,Parke County,46135,Greencastle, 0.37 , 0.13 
18121,Parke County,46175,Russellville, 0.08 , 0.00 
18121,Parke County,47832,Bloomingdale, 100.00 , 8.37 
18121,Parke County,47834,Brazil, 12.04 , 4.11 
18121,Parke County,47836,Bridgeton, 100.00 , 0.26 
18121,Parke County,47837,Carbon, 77.84 , 5.97 
18121,Parke County,47842,Clinton, 0.04 , 0.01 
18121,Parke County,47859,Marshall, 100.00 , 10.93 
18121,Parke County,47860,Mecca, 100.00 , 0.02 
18121,Parke County,47862,Montezuma, 100.00 , 8.55 
18121,Parke County,47872,Rockville, 100.00 , 38.23 
18121,Parke County,47874,Rosedale, 75.55 , 12.21 
18121,Parke County,47952,Kingman, 35.51 , 8.62 
18121,Parke County,47989,Waveland, 29.14 , 2.60 
18123,Perry County,47118,English, 13.15 , 5.08 
18123,Perry County,47137,Leavenworth, 6.23 , 1.08 
18123,Perry County,47513,Birdseye, 22.66 , 3.84 
18123,Perry County,47514,Branchville, 100.00 , 4.54 
18123,Perry County,47515,Bristow, 100.00 , 13.72 
18123,Perry County,47520,Cannelton, 99.72 , 16.80 
18123,Perry County,47525,Derby, 100.00 , 9.10 
18123,Perry County,47531,Evanston, 0.05 , 0.01 
18123,Perry County,47532,Ferdinand, 4.76 , 0.79 
18123,Perry County,47551,Leopold, 100.00 , 7.68 
18123,Perry County,47574,Rome, 100.00 , 4.62 
18123,Perry County,47576,Saint Croix, 100.00 , 4.68 
18123,Perry County,47577,Saint Meinrad, 30.03 , 1.61 
18123,Perry County,47586,Tell City, 99.95 , 26.22 
18123,Perry County,47588,Troy, 17.62 , 0.22 
18125,Pike County,47541,Holland, 2.97 , 0.15 
18125,Pike County,47542,Huntingburg, 0.65 , 0.16 
18125,Pike County,47546,Jasper, 0.19 , 0.06 
18125,Pike County,47564,Otwell, 74.18 , 8.87 
18125,Pike County,47567,Petersburg, 99.96 , 35.98 
18125,Pike County,47584,Spurgeon, 100.00 , 0.03 
18125,Pike County,47585,Stendal, 99.98 , 9.17 
18125,Pike County,47590,Velpen, 89.85 , 7.49 
18125,Pike County,47598,Winslow, 100.00 , 23.23 
18125,Pike County,47619,Lynnville, 4.99 , 0.67 
18125,Pike County,47637,Tennyson, 0.02 , 0.00 
18125,Pike County,47640,Hazleton, 25.85 , 2.71 
18125,Pike County,47660,Oakland City, 42.12 , 11.47 
18127,Porter County,46301,Beverly Shores, 99.08 , 0.29 
18127,Porter County,46302,Boone Grove, 100.00 , 0.03 
18127,Porter County,46304,Chesterton, 99.79 , 13.66 
18127,Porter County,46307,Crown Point, 2.71 , 0.58 
18127,Porter County,46341,Hebron, 49.32 , 11.30 
18127,Porter County,46342,Hobart, 29.02 , 2.40 
18127,Porter County,46347,Kouts, 99.96 , 15.79 
18127,Porter County,46348,La Crosse, 1.12 , 0.14 
18127,Porter County,46360,Michigan City, 19.54 , 3.74 
18127,Porter County,46368,Portage, 99.48 , 6.23 
18127,Porter County,46383,Valparaiso, 100.00 , 22.11 
18127,Porter County,46385,Valparaiso, 99.99 , 20.67 
18127,Porter County,46390,Wanatah, 0.03 , 0.00 
18127,Porter County,46391,Westville, 31.91 , 2.90 
18127,Porter County,46392,Wheatfield, 0.01 , 0.00 
18127,Porter County,46403,Gary, 8.18 , 0.16 
18129,Posey County,47612,Cynthiana, 35.60 , 1.50 
18129,Posey County,47616,Griffin, 72.68 , 4.73 
18129,Posey County,47620,Mount Vernon, 99.90 , 51.32 
18129,Posey County,47631,New Harmony, 99.90 , 15.22 
18129,Posey County,47633,Poseyville, 90.11 , 12.65 
18129,Posey County,47638,Wadesville, 100.00 , 11.15 
18129,Posey County,47665,Owensville, 0.01 , 0.00 
18129,Posey County,47712,Evansville, 21.73 , 3.42 
18129,Posey County,47720,Evansville, 0.02 , 0.00 
18131,Pulaski County,46366,North Judson, 12.90 , 2.26 
18131,Pulaski County,46374,San Pierre, 13.55 , 0.98 
18131,Pulaski County,46511,Culver, 1.13 , 0.19 
18131,Pulaski County,46939,Kewanna, 5.00 , 1.12 
18131,Pulaski County,46960,Monterey, 64.01 , 5.99 
18131,Pulaski County,46968,Ora, 66.14 , 0.43 
18131,Pulaski County,46978,Royal Center, 5.76 , 0.93 
18131,Pulaski County,46985,Star City, 95.82 , 15.24 
18131,Pulaski County,46996,Winamac, 99.88 , 43.67 
18131,Pulaski County,47946,Francesville, 77.66 , 16.51 
18131,Pulaski County,47957,Medaryville, 94.99 , 12.37 
18131,Pulaski County,47959,Monon, 1.44 , 0.23 
18131,Pulaski County,47960,Monticello, 0.25 , 0.07 
18133,Putnam County,46105,Bainbridge, 100.00 , 8.64 
18133,Putnam County,46120,Cloverdale, 79.85 , 16.42 
18133,Putnam County,46121,Coatesville, 45.78 , 5.50 
18133,Putnam County,46128,Fillmore, 100.00 , 6.85 
18133,Putnam County,46135,Greencastle, 99.63 , 32.26 
18133,Putnam County,46170,Putnamville, 100.00 , 0.01 
18133,Putnam County,46171,Reelsville, 99.99 , 9.01 
18133,Putnam County,46172,Roachdale, 99.97 , 14.90 
18133,Putnam County,46175,Russellville, 99.90 , 5.03 
18133,Putnam County,46180,Stilesville, 0.03 , 0.00 
18133,Putnam County,47456,Quincy, 7.91 , 0.40 
18133,Putnam County,47834,Brazil, 0.01 , 0.00 
18133,Putnam County,47840,Centerpoint, 4.30 , 0.47 
18133,Putnam County,47868,Poland, 2.07 , 0.25 
18133,Putnam County,47954,Ladoga, 1.90 , 0.26 
18133,Putnam County,47989,Waveland, 0.09 , 0.01 
18135,Randolph County,47320,Albany, 5.62 , 0.42 
18135,Randolph County,47340,Farmland, 100.00 , 11.74 
18135,Randolph County,47354,Losantville, 61.94 , 3.69 
18135,Randolph County,47355,Lynn, 99.94 , 13.85 
18135,Randolph County,47358,Modoc, 97.24 , 7.91 
18135,Randolph County,47368,Parker City, 76.21 , 5.54 
18135,Randolph County,47373,Redkey, 8.37 , 0.63 
18135,Randolph County,47380,Ridgeville, 86.39 , 11.29 
18135,Randolph County,47382,Saratoga, 100.00 , 0.05 
18135,Randolph County,47390,Union City, 91.74 , 16.45 
18135,Randolph County,47393,Williamsburg, 13.67 , 1.03 
18135,Randolph County,47394,Winchester, 100.00 , 27.41 
18137,Ripley County,47006,Batesville, 55.97 , 12.91 
18137,Ripley County,47017,Cross Plains, 82.90 , 4.40 
18137,Ripley County,47018,Dillsboro, 24.31 , 4.05 
18137,Ripley County,47023,Holton, 99.98 , 19.54 
18137,Ripley County,47031,Milan, 89.41 , 11.12 
18137,Ripley County,47032,Moores Hill, 4.21 , 0.35 
18137,Ripley County,47034,Napoleon, 100.00 , 0.04 
18137,Ripley County,47037,Osgood, 98.88 , 17.10 
18137,Ripley County,47041,Sunman, 50.02 , 8.51 
18137,Ripley County,47042,Versailles, 100.00 , 16.52 
18137,Ripley County,47223,Butlerville, 0.02 , 0.00 
18137,Ripley County,47224,Canaan, 1.05 , 0.06 
18137,Ripley County,47240,Greensburg, 1.51 , 1.02 
18137,Ripley County,47250,Madison, 8.93 , 4.38 
18139,Rush County,46104,Arlington, 99.99 , 7.77 
18139,Rush County,46115,Carthage, 93.01 , 8.04 
18139,Rush County,46127,Falmouth, 73.84 , 4.53 
18139,Rush County,46133,Glenwood, 61.76 , 4.55 
18139,Rush County,46140,Greenfield, 0.27 , 0.12 
18139,Rush County,46146,Homer, 100.00 , 0.42 
18139,Rush County,46148,Knightstown, 34.36 , 4.39 
18139,Rush County,46150,Manilla, 92.03 , 6.27 
18139,Rush County,46155,Mays, 100.00 , 0.01 
18139,Rush County,46156,Milroy, 99.97 , 10.59 
18139,Rush County,46161,Morristown, 0.44 , 0.03 
18139,Rush County,46173,Rushville, 97.03 , 50.11 
18139,Rush County,46182,Waldron, 12.07 , 0.92 
18139,Rush County,47352,Lewisville, 34.90 , 2.25 
18143,Scott County,47102,Austin, 84.51 , 17.84 
18143,Scott County,47126,Henryville, 3.47 , 0.71 
18143,Scott County,47138,Lexington, 46.87 , 17.80 
18143,Scott County,47147,Nabb, 20.19 , 2.90 
18143,Scott County,47170,Scottsburg, 63.18 , 50.96 
18143,Scott County,47177,Underwood, 58.81 , 6.42 
18143,Scott County,47229,Crothersville, 0.11 , 0.03 
18143,Scott County,47230,Deputy, 12.14 , 3.34 
18143,Scott County,47270,Paris Crossing, 0.05 , 0.00 
18145,Shelby County,46110,Boggstown, 100.00 , 2.97 
18145,Shelby County,46124,Edinburgh, 51.94 , 8.35 
18145,Shelby County,46126,Fairland, 100.00 , 7.83 
18145,Shelby County,46130,Fountaintown, 89.34 , 6.44 
18145,Shelby County,46131,Franklin, 4.01 , 1.13 
18145,Shelby County,46140,Greenfield, 0.06 , 0.03 
18145,Shelby County,46144,Gwynneville, 100.00 , 0.02 
18145,Shelby County,46150,Manilla, 7.97 , 0.54 
18145,Shelby County,46161,Morristown, 92.91 , 6.79 
18145,Shelby County,46162,Needham, 48.46 , 1.43 
18145,Shelby County,46163,New Palestine, 16.56 , 1.19 
18145,Shelby County,46176,Shelbyville, 100.00 , 44.84 
18145,Shelby County,46182,Waldron, 87.93 , 6.62 
18145,Shelby County,46259,Indianapolis, 6.29 , 0.32 
18145,Shelby County,47234,Flat Rock, 98.29 , 7.90 
18145,Shelby County,47240,Greensburg, 1.05 , 0.77 
18145,Shelby County,47272,Saint Paul, 38.94 , 2.84 
18147,Spencer County,47523,Dale, 46.81 , 7.22 
18147,Spencer County,47531,Evanston, 99.94 , 10.34 
18147,Spencer County,47532,Ferdinand, 32.56 , 5.22 
18147,Spencer County,47537,Gentryville, 55.21 , 2.58 
18147,Spencer County,47550,Lamar, 100.00 , 7.65 
18147,Spencer County,47552,Lincoln City, 99.98 , 0.57 
18147,Spencer County,47556,Mariah Hill, 100.00 , 0.30 
18147,Spencer County,47577,Saint Meinrad, 69.97 , 3.60 
18147,Spencer County,47579,Santa Claus, 100.00 , 5.09 
18147,Spencer County,47586,Tell City, 0.02 , 0.01 
18147,Spencer County,47588,Troy, 82.26 , 1.01 
18147,Spencer County,47601,Boonville, 5.28 , 1.76 
18147,Spencer County,47611,Chrisney, 99.99 , 10.37 
18147,Spencer County,47615,Grandview, 99.93 , 9.82 
18147,Spencer County,47634,Richland, 99.83 , 11.44 
18147,Spencer County,47635,Rockport, 99.84 , 21.24 
18147,Spencer County,47637,Tennyson, 11.58 , 1.77 
18141,St. Joseph County,46506,Bremen, 38.15 , 8.64 
18141,St. Joseph County,46530,Granger, 90.11 , 4.94 
18141,St. Joseph County,46536,Lakeville, 92.97 , 5.67 
18141,St. Joseph County,46544,Mishawaka, 99.99 , 8.39 
18141,St. Joseph County,46545,Mishawaka, 100.00 , 3.77 
18141,St. Joseph County,46550,Nappanee, 3.98 , 0.65 
18141,St. Joseph County,46552,New Carlisle, 75.35 , 10.32 
18141,St. Joseph County,46554,North Liberty, 95.59 , 13.84 
18141,St. Joseph County,46556,Notre Dame, 100.00 , 0.21 
18141,St. Joseph County,46561,Osceola, 92.59 , 2.62 
18141,St. Joseph County,46563,Plymouth, 0.33 , 0.11 
18141,St. Joseph County,46573,Wakarusa, 45.02 , 3.22 
18141,St. Joseph County,46574,Walkerton, 29.56 , 6.42 
18141,St. Joseph County,46601,South Bend, 100.00 , 0.44 
18141,St. Joseph County,46613,South Bend, 100.00 , 0.55 
18141,St. Joseph County,46614,South Bend, 100.00 , 12.35 
18141,St. Joseph County,46615,South Bend, 100.00 , 0.72 
18141,St. Joseph County,46616,South Bend, 100.00 , 0.34 
18141,St. Joseph County,46617,South Bend, 100.00 , 0.63 
18141,St. Joseph County,46619,South Bend, 100.00 , 5.35 
18141,St. Joseph County,46628,South Bend, 99.99 , 7.83 
18141,St. Joseph County,46635,South Bend, 100.00 , 0.64 
18141,St. Joseph County,46637,South Bend, 100.00 , 2.36 
18149,Starke County,46340,Hanna, 0.04 , 0.01 
18149,Starke County,46348,La Crosse, 0.13 , 0.02 
18149,Starke County,46366,North Judson, 87.08 , 21.27 
18149,Starke County,46374,San Pierre, 75.86 , 7.63 
18149,Starke County,46511,Culver, 22.44 , 5.29 
18149,Starke County,46531,Grovertown, 94.93 , 6.89 
18149,Starke County,46532,Hamlet, 58.32 , 9.93 
18149,Starke County,46534,Knox, 99.92 , 39.81 
18149,Starke County,46563,Plymouth, 0.05 , 0.02 
18149,Starke County,46574,Walkerton, 14.00 , 4.49 
18149,Starke County,46960,Monterey, 33.21 , 4.32 
18149,Starke County,46968,Ora, 33.86 , 0.31 
18151,Steuben County,46703,Angola, 99.99 , 39.89 
18151,Steuben County,46705,Ashley, 36.26 , 2.58 
18151,Steuben County,46737,Fremont, 99.97 , 21.09 
18151,Steuben County,46742,Hamilton, 74.93 , 12.17 
18151,Steuben County,46747,Hudson, 84.68 , 8.69 
18151,Steuben County,46761,LaGrange, 2.29 , 0.81 
18151,Steuben County,46776,Orland, 85.17 , 6.23 
18151,Steuben County,46779,Pleasant Lake, 100.00 , 8.54 
18153,Sullivan County,47438,Jasonville, 10.86 , 1.52 
18153,Sullivan County,47838,Carlisle, 99.52 , 25.01 
18153,Sullivan County,47848,Dugger, 80.52 , 2.19 
18153,Sullivan County,47849,Fairbanks, 99.87 , 7.17 
18153,Sullivan County,47850,Farmersburg, 82.57 , 9.08 
18153,Sullivan County,47855,Hymera, 100.00 , 0.13 
18153,Sullivan County,47858,Lewis, 14.70 , 1.05 
18153,Sullivan County,47861,Merom, 100.00 , 7.76 
18153,Sullivan County,47879,Shelburn, 100.00 , 13.53 
18153,Sullivan County,47882,Sullivan, 99.99 , 32.56 
18155,Switzerland County,47011,Bennington, 95.23 , 15.68 
18155,Switzerland County,47017,Cross Plains, 3.31 , 0.35 
18155,Switzerland County,47018,Dillsboro, 1.81 , 0.60 
18155,Switzerland County,47020,Florence, 99.86 , 8.40 
18155,Switzerland County,47038,Patriot, 99.92 , 13.09 
18155,Switzerland County,47040,Rising Sun, 30.39 , 9.18 
18155,Switzerland County,47043,Vevay, 98.01 , 45.38 
18155,Switzerland County,47224,Canaan, 25.58 , 3.07 
18155,Switzerland County,47250,Madison, 4.31 , 4.24 
18157,Tippecanoe County,46058,Mulberry, 1.32 , 0.07 
18157,Tippecanoe County,46923,Delphi, 1.35 , 0.37 
18157,Tippecanoe County,47901,Lafayette, 100.00 , 0.12 
18157,Tippecanoe County,47904,Lafayette, 100.00 , 1.09 
18157,Tippecanoe County,47905,Lafayette, 99.99 , 23.88 
18157,Tippecanoe County,47906,West Lafayette, 93.79 , 24.70 
18157,Tippecanoe County,47907,West Lafayette, 100.00 , 0.23 
18157,Tippecanoe County,47909,Lafayette, 100.00 , 21.77 
18157,Tippecanoe County,47918,Attica, 1.52 , 0.41 
18157,Tippecanoe County,47920,Battle Ground, 74.40 , 4.39 
18157,Tippecanoe County,47924,Buck Creek, 100.00 , 0.01 
18157,Tippecanoe County,47930,Clarks Hill, 74.76 , 4.33 
18157,Tippecanoe County,47941,Dayton, 100.00 , 0.10 
18157,Tippecanoe County,47955,Linden, 1.40 , 0.06 
18157,Tippecanoe County,47967,New Richmond, 18.01 , 1.22 
18157,Tippecanoe County,47970,Otterbein, 4.65 , 0.63 
18157,Tippecanoe County,47981,Romney, 99.98 , 8.01 
18157,Tippecanoe County,47992,Westpoint, 99.87 , 8.61 
18159,Tipton County,46031,Atlanta, 33.87 , 6.00 
18159,Tipton County,46036,Elwood, 26.06 , 8.32 
18159,Tipton County,46045,Goldsmith, 100.00 , 0.03 
18159,Tipton County,46049,Kempton, 95.96 , 9.26 
18159,Tipton County,46050,Kirklin, 4.50 , 0.82 
18159,Tipton County,46068,Sharpsville, 99.99 , 17.12 
18159,Tipton County,46072,Tipton, 100.00 , 41.04 
18159,Tipton County,46076,Windfall, 98.31 , 16.70 
18159,Tipton County,46902,Kokomo, 1.43 , 0.29 
18159,Tipton County,46979,Russiaville, 2.38 , 0.42 
18161,Union County,47003,West College Corner, 80.72 , 5.09 
18161,Union County,47010,Bath, 10.26 , 0.51 
18161,Union County,47325,Brownsville, 78.88 , 11.55 
18161,Union County,47331,Connersville, 3.32 , 3.88 
18161,Union County,47353,Liberty, 99.93 , 78.98 
18163,Vanderburgh County,47610,Chandler, 0.02 , 0.00 
18163,Vanderburgh County,47613,Elberfeld, 0.59 , 0.11 
18163,Vanderburgh County,47639,Haubstadt, 31.62 , 6.64 
18163,Vanderburgh County,47708,Evansville, 99.74 , 0.23 
18163,Vanderburgh County,47710,Evansville, 100.00 , 3.94 
18163,Vanderburgh County,47711,Evansville, 100.00 , 7.20 
18163,Vanderburgh County,47712,Evansville, 78.21 , 21.89 
18163,Vanderburgh County,47713,Evansville, 100.00 , 1.68 
18163,Vanderburgh County,47714,Evansville, 99.89 , 4.41 
18163,Vanderburgh County,47715,Evansville, 99.95 , 9.22 
18163,Vanderburgh County,47720,Evansville, 99.98 , 23.74 
18163,Vanderburgh County,47722,Evansville, 100.00 , 0.03 
18163,Vanderburgh County,47725,Evansville, 99.19 , 20.92 
18165,Vermillion County,47842,Clinton, 96.98 , 27.65 
18165,Vermillion County,47847,Dana, 99.99 , 18.58 
18165,Vermillion County,47854,Hillsdale, 100.00 , 13.90 
18165,Vermillion County,47884,Universal, 100.00 , 0.01 
18165,Vermillion County,47928,Cayuga, 99.98 , 18.92 
18165,Vermillion County,47932,Covington, 16.22 , 7.01 
18165,Vermillion County,47952,Kingman, 0.03 , 0.01 
18165,Vermillion County,47974,Perrysville, 99.97 , 13.92 
18167,Vigo County,47802,Terre Haute, 100.00 , 39.39 
18167,Vigo County,47803,Terre Haute, 99.99 , 8.61 
18167,Vigo County,47804,Terre Haute, 100.00 , 1.58 
18167,Vigo County,47805,Terre Haute, 100.00 , 12.78 
18167,Vigo County,47807,Terre Haute, 100.00 , 0.90 
18167,Vigo County,47809,Terre Haute, 100.00 , 0.05 
18167,Vigo County,47834,Brazil, 8.52 , 3.19 
18167,Vigo County,47842,Clinton, 2.98 , 0.54 
18167,Vigo County,47846,Cory, 0.07 , 0.01 
18167,Vigo County,47850,Farmersburg, 17.43 , 2.12 
18167,Vigo County,47858,Lewis, 24.94 , 1.97 
18167,Vigo County,47863,New Goshen, 100.00 , 0.02 
18167,Vigo County,47866,Pimento, 100.00 , 5.01 
18167,Vigo County,47871,Riley, 100.00 , 0.02 
18167,Vigo County,47874,Rosedale, 19.67 , 3.49 
18167,Vigo County,47885,West Terre Haute, 99.99 , 20.32 
18169,Wabash County,46702,Andrews, 11.15 , 1.05 
18169,Wabash County,46911,Amboy, 18.92 , 1.80 
18169,Wabash County,46919,Converse, 2.15 , 0.19 
18169,Wabash County,46926,Denver, 3.75 , 0.35 
18169,Wabash County,46940,La Fontaine, 73.31 , 9.52 
18169,Wabash County,46941,Lagro, 100.00 , 7.38 
18169,Wabash County,46943,Laketon, 100.00 , 0.10 
18169,Wabash County,46946,Liberty Mills, 100.00 , 0.01 
18169,Wabash County,46962,North Manchester, 91.78 , 22.90 
18169,Wabash County,46970,Peru, 1.36 , 0.58 
18169,Wabash County,46974,Roann, 68.21 , 6.64 
18169,Wabash County,46980,Servia, 100.00 , 0.01 
18169,Wabash County,46982,Silver Lake, 23.94 , 2.55 
18169,Wabash County,46990,Urbana, 99.99 , 7.17 
18169,Wabash County,46992,Wabash, 100.00 , 39.74 
18171,Warren County,47906,West Lafayette, 2.11 , 0.76 
18171,Warren County,47917,Ambia, 57.87 , 6.70 
18171,Warren County,47918,Attica, 39.91 , 14.80 
18171,Warren County,47921,Boswell, 48.18 , 4.78 
18171,Warren County,47932,Covington, 20.02 , 6.14 
18171,Warren County,47944,Fowler, 1.08 , 0.56 
18171,Warren County,47970,Otterbein, 46.90 , 8.68 
18171,Warren County,47975,Pine Village, 96.17 , 10.37 
18171,Warren County,47982,State Line, 100.00 , 0.04 
18171,Warren County,47991,West Lebanon, 100.00 , 6.94 
18171,Warren County,47993,Williamsport, 99.99 , 40.22 
18173,Warrick County,47523,Dale, 51.06 , 8.07 
18173,Warrick County,47537,Gentryville, 44.79 , 2.15 
18173,Warrick County,47541,Holland, 1.59 , 0.07 
18173,Warrick County,47601,Boonville, 94.72 , 32.37 
18173,Warrick County,47610,Chandler, 99.98 , 11.87 
18173,Warrick County,47613,Elberfeld, 80.46 , 8.91 
18173,Warrick County,47619,Lynnville, 81.41 , 9.49 
18173,Warrick County,47630,Newburgh, 99.82 , 13.11 
18173,Warrick County,47634,Richland, 0.05 , 0.01 
18173,Warrick County,47637,Tennyson, 88.41 , 13.88 
18173,Warrick County,47639,Haubstadt, 0.55 , 0.07 
18173,Warrick County,47715,Evansville, 0.05 , 0.00 
18175,Washington County,47102,Austin, 0.03 , 0.00 
18175,Washington County,47106,Borden, 3.16 , 0.42 
18175,Washington County,47108,Campbellsburg, 94.12 , 17.21 
18175,Washington County,47115,Depauw, 1.52 , 0.16 
18175,Washington County,47120,Fredericksburg, 99.25 , 3.61 
18175,Washington County,47125,Hardinsburg, 47.50 , 4.70 
18175,Washington County,47126,Henryville, 1.62 , 0.12 
18175,Washington County,47145,Milltown, 6.78 , 0.55 
18175,Washington County,47164,Palmyra, 25.03 , 1.68 
18175,Washington County,47165,Pekin, 94.40 , 15.04 
18175,Washington County,47167,Salem, 100.00 , 40.48 
18175,Washington County,47170,Scottsburg, 36.80 , 11.08 
18175,Washington County,47229,Crothersville, 0.02 , 0.00 
18175,Washington County,47260,Medora, 0.07 , 0.01 
18175,Washington County,47281,Vallonia, 42.07 , 4.93 
18175,Washington County,47421,Bedford, 0.01 , 0.01 
18175,Washington County,47452,Orleans, 0.01 , 0.00 
18177,Wayne County,47324,Boston, 100.00 , 0.03 
18177,Wayne County,47327,Cambridge City, 80.37 , 10.64 
18177,Wayne County,47330,Centerville, 100.00 , 14.62 
18177,Wayne County,47331,Connersville, 0.01 , 0.00 
18177,Wayne County,47339,Economy, 99.96 , 3.72 
18177,Wayne County,47341,Fountain City, 99.96 , 8.61 
18177,Wayne County,47345,Greens Fork, 100.00 , 8.33 
18177,Wayne County,47346,Hagerstown, 89.64 , 8.95 
18177,Wayne County,47354,Losantville, 3.75 , 0.25 
18177,Wayne County,47355,Lynn, 0.05 , 0.01 
18177,Wayne County,47357,Milton, 77.14 , 7.09 
18177,Wayne County,47358,Modoc, 2.76 , 0.25 
18177,Wayne County,47360,Mooreland, 4.57 , 0.38 
18177,Wayne County,47374,Richmond, 99.97 , 29.57 
18177,Wayne County,47392,Webster, 100.00 , 0.28 
18177,Wayne County,47393,Williamsburg, 86.33 , 7.27 
18179,Wells County,46714,Bluffton, 93.72 , 33.50 
18179,Wells County,46731,Craigville, 99.95 , 3.94 
18179,Wells County,46740,Geneva, 2.46 , 0.41 
18179,Wells County,46759,Keystone, 99.98 , 7.97 
18179,Wells County,46766,Liberty Center, 100.00 , 4.83 
18179,Wells County,46770,Markle, 56.37 , 7.43 
18179,Wells County,46777,Ossian, 92.69 , 15.34 
18179,Wells County,46778,Petroleum, 100.00 , 0.01 
18179,Wells County,46781,Poneto, 100.00 , 7.42 
18179,Wells County,46783,Roanoke, 3.27 , 0.50 
18179,Wells County,46791,Uniondale, 100.00 , 4.57 
18179,Wells County,46792,Warren, 22.07 , 6.16 
18179,Wells County,46798,Yoder, 2.07 , 0.11 
18179,Wells County,46799,Zanesville, 95.15 , 0.10 
18179,Wells County,46952,Marion, 5.25 , 1.60 
18179,Wells County,46991,Van Buren, 0.04 , 0.00 
18179,Wells County,47348,Hartford City, 0.82 , 0.27 
18179,Wells County,47359,Montpelier, 37.81 , 5.83 
18181,White County,46978,Royal Center, 7.32 , 1.01 
18181,White County,46985,Star City, 4.17 , 0.57 
18181,White County,46996,Winamac, 0.12 , 0.04 
18181,White County,47906,West Lafayette, 4.10 , 1.07 
18181,White County,47920,Battle Ground, 20.71 , 1.21 
18181,White County,47923,Brookston, 97.89 , 17.81 
18181,White County,47925,Buffalo, 100.00 , 0.01 
18181,White County,47926,Burnettsville, 63.67 , 4.12 
18181,White County,47929,Chalmers, 100.00 , 9.16 
18181,White County,47950,Idaville, 78.86 , 5.94 
18181,White County,47959,Monon, 83.22 , 11.37 
18181,White County,47960,Monticello, 84.60 , 21.21 
18181,White County,47970,Otterbein, 2.99 , 0.40 
18181,White County,47977,Remington, 0.01 , 0.00 
18181,White County,47978,Rensselaer, 0.76 , 0.38 
18181,White County,47980,Reynolds, 100.00 , 9.70 
18181,White County,47995,Wolcott, 98.74 , 15.98 
18183,Whitley County,46562,Pierceton, 8.96 , 1.60 
18183,Whitley County,46723,Churubusco, 41.00 , 7.11 
18183,Whitley County,46725,Columbia City, 97.89 , 60.79 
18183,Whitley County,46764,Larwill, 87.47 , 9.90 
18183,Whitley County,46783,Roanoke, 16.18 , 2.72 
18183,Whitley County,46787,South Whitley, 92.57 , 16.98 
18183,Whitley County,46818,Fort Wayne, 1.53 , 0.30 
18183,Whitley County,46962,North Manchester, 1.92 , 0.60 
